Date,Flock_Size,Feed_Consumed_kg,Eggs_Collected,Feed_Cost,Other_Expenses,Income_Egg_Sales
2026-03-01,1950,156,56,0,21000,0
2026-03-02,1950,156,69,0,0,0
2026-03-03,1950,156,83,0,0,0
2026-03-04,1950,156,90,0,0,0
2026-03-05,1950,156,106,1581500,100000,110000
2026-03-06,1950,156,138,0,0,0
2026-03-07,1950,156,154,0,0,0
2026-03-08,1950,156,180,0,0,0
2026-03-09,1950,156,204,0,200000,0
2026-03-10,1950,156,228,0,0,0
2026-03-11,1950,156,240,0,0,0
2026-03-12,1950,156,300,1631500,0,490000
2026-03-13,1950,156,300,0,0,0
2026-03-14,1950,156,330,0,85000,0
2026-03-15,1950,156,360,0,0,0
2026-03-16,1950,156,390,0,0,0
2026-03-17,1950,156,450,0,0,0
2026-03-18,1950,156,470,0,0,0
2026-03-19,1950,156,510,0,0,0
2026-03-20,1950,156,540,1631500,50000,1079000
2026-03-21,1950,156,570,0,0,0
2026-03-22,1950,156,600,0,0,0
2026-03-23,1950,156,660,0,0,0
2026-03-24,1950,156,660,0,65000,0
2026-03-25,1950,156,690,0,0,0
2026-03-26,1950,156,690,1631500,50000,1290000
2026-03-27,1950,156,720,0,0,0
2026-03-28,1950,156,780,0,90000,0
2026-03-29,1950,156,780,0,0,0
2026-03-30,1950,156,810,0,0,0
2026-03-31,1950,156,840,0,0,980000
2026-04-01,1950,168,870,0,0,0
2026-04-02,1950,168,900,1631500,0,830000
2026-04-03,1950,168,930,0,0,0
2026-04-04,1950,168,930,0,0,0
2026-04-05,1950,168,960,0,0,0
2026-04-06,1950,168,960,0,0,0
2026-04-07,1950,168,990,0,0,0
2026-04-08,1950,168,990,0,53000,0
2026-04-09,1950,168,1020,1682500,50000,1890000
2026-04-10,1950,168,1050,0,0,0
2026-04-11,1950,168,1050,0,0,0
2026-04-12,1950,168,1050,0,0,0
2026-04-13,1950,168,1080,0,0,0
2026-04-14,1950,168,1110,1682500,50000,0
2026-04-15,1950,168,1110,0,0,0
2026-04-16,1950,168,1140,0,0,2000000
2026-04-17,1950,168,1140,0,75000,0
2026-04-18,1950,168,1140,0,0,0
2026-04-19,1950,168,1170,0,0,0
2026-04-20,1950,168,1170,2050000,150000,0
2026-04-21,1950,168,1200,0,0,0
2026-04-22,1950,168,1230,0,0,0
2026-04-23,1950,168,1260,0,165000,2560000
2026-04-24,1950,168,1260,0,0,0
2026-04-25,1950,168,1290,0,0,0
2026-04-26,1950,168,1290,0,0,0
2026-04-27,1950,168,1320,2162200,0,0
2026-04-28,1950,168,1320,0,0,0
2026-04-29,1950,168,1350,0,0,0
2026-04-30,1950,168,1350,0,35000,2835000
2026-05-01,1948,200,1320,0,0,0
2026-05-02,1948,200,1320,0,0,0
2026-05-03,1948,200,1350,0,0,0
2026-05-04,1948,200,1380,2280300,0,0
2026-05-05,1948,200,1380,0,0,0
2026-05-06,1948,200,1410,0,48000,0
2026-05-07,1948,200,1410,0,0,2962500
2026-05-08,1948,200,1440,0,0,0
2026-05-09,1948,200,1440,0,88000,0
2026-05-10,1948,200,1470,0,70000,0
2026-05-11,1948,200,1470,2354400,0,0
2026-05-12,1948,200,1500,0,0,0
2026-05-13,1948,200,1500,0,0,0
2026-05-14,1948,200,1500,0,0,3055000
2026-05-15,1948,200,1500,0,0,0
2026-05-16,1948,200,1530,0,0,0
2026-05-17,1948,200,1530,0,80000,0
2026-05-18,1948,200,1530,2529800,0,0
2026-05-19,1948,200,1560,0,0,0
2026-05-20,1948,200,1560,0,0,0
2026-05-21,1948,200,1560,0,0,2985000
2026-05-22,1948,200,1590,0,0,0
2026-05-23,1948,200,1590,0,35000,0
2026-05-24,1948,200,1620,0,80000,0
2026-05-25,1948,200,1620,2529800,0,0
2026-05-26,1948,200,1650,0,0,0
2026-05-27,1948,200,1650,0,0,0
2026-05-28,1948,200,1680,0,0,2814000
2026-05-29,1948,200,1680,0,0,0
2026-05-30,1948,200,1680,0,0,0
2026-05-31,1948,200,1710,0,90000,0
2026-06-01,1948,200,1710,2437700,110000,0
2026-06-02,1948,200,1710,0,0,0
2026-06-03,1948,200,1710,0,53000,0
2026-06-04,1948,200,1710,0,0,3171000
2026-06-05,1948,200,1710,0,75000,0
2026-06-06,1948,200,1710,0,0,0
2026-06-07,1948,200,1710,0,0,0
2026-06-08,1948,200,1710,2428700,110000,0
2026-06-09,1948,200,1710,0,120000,0
2026-06-10,1948,200,1710,0,0,0
2026-06-11,1948,200,1710,0,0,3055000
2026-06-12,1948,200,1710,0,0,0
2026-06-13,1948,200,1710,0,0,0
2026-06-14,1948,200,1710,0,0,0
2026-06-15,1948,200,1710,2436200,110000,0
2026-06-16,1948,200,1710,0,0,0
2026-06-17,1948,200,1710,0,0,0
2026-06-18,1948,200,1710,0,0,2962500
2026-06-19,1948,200,1710,0,38000,0
2026-06-20,1948,200,1710,0,0,0
2026-06-21,1948,200,1710,0,0,0
2026-06-22,1948,200,1710,0,0,0
2026-06-23,1948,200,1710,0,0,0
2026-06-24,1948,200,1710,0,90000,0
2026-06-25,1948,200,1710,0,0,2985000
2026-06-26,1948,200,1710,0,0,0
2026-06-27,1948,200,1710,0,0,0
2026-06-28,1948,200,1710,0,0,0
2026-06-29,1948,200,1710,0,0,0
2026-06-30,1948,200,1710,0,0,0
2026-07-01,1948,215,1650,2270200,100000,0
2026-07-02,1948,215,1650,0,0,2814000
2026-07-03,1948,215,1650,0,0,0
2026-07-04,1948,215,1650,0,0,0
2026-07-05,1948,215,1650,0,0,0
2026-07-06,1948,215,1650,0,40000,0
2026-07-07,1948,215,1650,0,0,0
2026-07-08,1948,215,1650,0,0,0
2026-07-09,1948,215,1650,0,0,3055000
2026-07-10,1948,215,1650,2254500,100000,0
2026-07-11,1948,215,1650,0,0,0
2026-07-12,1948,215,1650,0,0,0
2026-07-13,1948,215,1650,0,0,0
2026-07-14,1948,215,1650,0,75000,0
2026-07-15,1948,215,1650,0,105000,0
2026-07-16,1948,215,1650,0,0,2985000
2026-07-17,1948,215,1650,0,0,0
2026-07-18,1948,215,1650,0,0,0
2026-07-19,1948,215,1650,2336100,100000,0
2026-07-20,1948,215,1650,0,65000,0
2026-07-21,1948,215,1650,0,50000,0
2026-07-22,1948,215,1650,0,0,0
2026-07-23,1948,215,1650,0,0,2814000
2026-07-24,1948,215,1650,0,0,0
2026-07-25,1948,215,1650,0,93000,0
2026-07-26,1948,215,1650,0,0,0
2026-07-27,1948,215,1650,0,0,0
2026-07-28,1948,215,1650,2206000,100000,0
2026-07-29,1948,215,1650,0,0,0
2026-07-30,1948,215,1650,0,35000,3055000
2026-07-31,1948,215,1650,0,0,0
2026-08-01,1612,215,1380,0,0,0
2026-08-02,1612,215,1380,0,0,0
2026-08-03,1612,215,1380,0,0,0
2026-08-04,1612,215,1380,0,0,0
2026-08-05,1612,215,1380,0,0,0
2026-08-06,1612,215,1380,2349200,100000,2985000
2026-08-07,1612,215,1380,0,0,0
2026-08-08,1612,215,1380,0,0,0
2026-08-09,1612,215,1380,0,0,0
2026-08-10,1612,215,1380,2339200,240000,0
2026-08-11,1612,215,1380,0,0,0
2026-08-12,1612,215,1380,0,0,0
2026-08-13,1612,215,1380,0,35000,2814000
2026-08-14,1612,215,1380,0,0,0
2026-08-15,1612,215,1380,2349200,100000,0
2026-08-16,1612,215,1380,0,0,0
2026-08-17,1612,215,1380,0,0,0
2026-08-18,1612,215,1380,0,0,0
2026-08-19,1612,215,1380,0,0,0
2026-08-20,1612,215,1380,0,0,3055000
2026-08-21,1612,215,1380,0,0,0
2026-08-22,1612,215,1380,0,50000,0
2026-08-23,1612,215,1380,0,0,0
2026-08-24,1612,215,1380,0,0,0
2026-08-25,1612,215,1380,2349200,100000,0
2026-08-26,1612,215,1380,0,0,0
2026-08-27,1612,215,1380,0,0,2985000
2026-08-28,1612,215,1380,0,0,0
2026-08-29,1612,215,1380,0,30000,0
2026-08-30,1612,215,1380,0,0,0
2026-08-31,1612,215,1380,0,0,0
2026-09-01,1609,194,1260,0,0,0
2026-09-02,1609,194,1260,2432300,100000,0
2026-09-03,1609,194,1260,0,0,2814000
2026-09-04,1609,194,1260,0,0,0
2026-09-05,1609,194,1260,0,53000,0
2026-09-06,1609,194,1260,1146500,100000,0
2026-09-07,1609,194,1260,0,0,0
2026-09-08,1609,194,1260,0,0,0
2026-09-09,1609,194,1260,0,0,0
2026-09-10,1609,194,1260,0,0,3055000
2026-09-11,1609,194,1260,144350,10000,0
2026-09-12,1609,194,1260,1678400,100000,0
2026-09-13,1609,194,1260,0,0,0
2026-09-14,1609,194,1260,0,0,0
2026-09-15,1609,194,1260,0,0,0
2026-09-16,1609,194,1260,0,0,0
2026-09-17,1609,194,1260,437475,20000,2985000
2026-09-18,1609,194,1260,0,0,0
2026-09-19,1609,194,1260,1588200,100000,0
2026-09-20,1609,194,1260,0,0,0
2026-09-21,1609,194,1260,1964300,100000,0
2026-09-22,1609,194,1260,0,50000,0
2026-09-23,1609,194,1200,0,0,0
2026-09-24,1609,194,1200,0,0,2814000
2026-09-25,1608,194,1170,1223900,37500,0
2026-09-26,1608,194,1140,0,0,0
2026-09-27,1608,194,1140,0,0,0